Type,Reference ID,DOI,File
Missed Matches:
missed,b22,10.3920/978-90-8686-771-4_02,AGR-BIO-SCI_1
missed,b14,10.3168/jds.s0022-0302(07)71608-9,AGR-BIO-SCI_1
missed,b16,10.1016/j.livsci.2006.02.004,AGR-BIO-SCI_1
missed,b25,10.1016/j.applanim.2007.03.015,AGR-BIO-SCI_1
missed,b10,10.3168/jds.s0022-0302(01)74646-2,AGR-BIO-SCI_1
missed,b19,10.3168/jds.2013-7217,AGR-BIO-SCI_1
missed,b1,10.1016/j.applanim.2012.11.013,AGR-BIO-SCI_1
missed,b17,10.1002/jsfa.3575,AGR-BIO-SCI_1
missed,b6,10.7120/09627286.27.2.157,AGR-BIO-SCI_1
missed,b2,10.1136/vr.104554,AGR-BIO-SCI_1
missed,b3,10.1017/s1751731112002297,AGR-BIO-SCI_1
missed,b27,10.18174/402122,AGR-BIO-SCI_1
missed,b7,10.7120/09627286.26.2.213,AGR-BIO-SCI_1
missed,b13,10.1017/s1751731114002018,AGR-BIO-SCI_1
missed,b4,10.1017/s1751731112001395,AGR-BIO-SCI_1
missed,b26,10.1016/j.anbehav.2014.02.007,AGR-BIO-SCI_1
missed,b29,10.1016/s0168-1591(00)00134-9,AGR-BIO-SCI_1
missed,b5,10.1016/j.tvjl.2013.10.011,AGR-BIO-SCI_1
missed,b18,10.1016/0168-1591(93)90066-x,AGR-BIO-SCI_1
missed,b21,10.2527/jas.2014-8046,AGR-BIO-SCI_1
missed,b28,10.3168/jds.s0022-0302(02)74058-7,AGR-BIO-SCI_1
missed,b8,10.3168/jds.2012-6129,AGR-BIO-SCI_1
missed,b33,10.3168/jds.s0022-0302(02)74057-5,AGR-BIO-SCI_1
missed,b12,10.3168/jds.2017-14232,AGR-BIO-SCI_1
missed,b9,10.1016/j.prevetmed.2009.03.014,AGR-BIO-SCI_1
missed,b22,10.1007/s13197-017-2541-8,AGR-BIO-SCI_2
missed,b21,10.1016/j.foodchem.2017.11.013,AGR-BIO-SCI_2
missed,b29,10.3989/gya.0786161,AGR-BIO-SCI_2
missed,b1,10.3989/gya.0462181,AGR-BIO-SCI_2
missed,b11,10.1111/1365-2435.12362,AGR-BIO-SCI_3
missed,b27,10.1111/1365-2435.12849,AGR-BIO-SCI_3
missed,b19,10.1098/rstb.2015.0268,AGR-BIO-SCI_3
missed,b31,10.1111/j.1365-2745.2004.00838.x,AGR-BIO-SCI_3
missed,b29,10.1016/b978-0-444-53868-0.50018-6,AGR-BIO-SCI_3
missed,b34,10.1080/02699930302279,ART-HUM_5
missed,b11,10.1525/mp.2013.31.1.32,ART-HUM_5
missed,b46,10.30535/mto.21.1.4,ART-HUM_5
missed,b23,10.3389/fpsyg.2013.00487,ART-HUM_5
missed,b86,10.3389/fpsyg.2017.01402,ART-HUM_5
missed,b4,10.1111/1467-8721.00013,ART-HUM_5
missed,b54,10.1037/0033-2909.129.5.770,ART-HUM_5
missed,b82,10.1007/bf00992539,ART-HUM_5
missed,b67,10.1590/permusi20163305,ART-HUM_5
missed,b74,10.3389/fpsyg.2013.00184,ART-HUM_5
missed,b32,10.1177/10298649020050s105,ART-HUM_5
missed,b72,10.3389/fpsyg.2015.01419,ART-HUM_5
missed,b87,10.4324/9780203855362,ART-HUM_5
missed,b19,10.1016/s0010-0277(00)00136-0,ART-HUM_5
missed,b91,10.1177/1029864911403367,ART-HUM_5
missed,b28,10.1080/02699939208411068,ART-HUM_5
missed,b2,10.4324/9780203522653,ART-HUM_6
missed,b55,10.3726/b11246_73,ART-HUM_7
missed,b2,10.1017/cbo9780511486210,ART-HUM_7
missed,b12,10.1515/ling.1986.24.1.7,ART-HUM_7
missed,b39,10.1017/s0305000912000748,ART-HUM_7
missed,b17,10.1007/1-4020-3596-9_11,ART-HUM_7
missed,b8,10.1007/s11525-009-9127-8,ART-HUM_7
missed,b30,10.1017/s0305000905007130,ART-HUM_7
missed,b23,10.1075/cilt.311.17gae,ART-HUM_7
missed,b45,10.3389/fpsyg.2014.01084,ART-HUM_7
missed,b21,10.1515/psicl-2014-0008,ART-HUM_7
missed,b13,10.1075/lald.61.07dab,ART-HUM_7
missed,b29,10.1075/lald.61.04kaz,ART-HUM_7
missed,b58,10.7551/mitpress/9780262035323.001.0001,ART-HUM_7
missed,b14,10.1159/000021479,ART-HUM_7
missed,b47,10.1007/978-3-322-86349-2,ART-HUM_7
missed,b25,10.1006/brln.2001.2609,ART-HUM_7
missed,b4,10.1075/tilar.3.05ber,ART-HUM_7
missed,b27,10.3726/b11246_47,ART-HUM_7
missed,b40,10.1553/0x00237d8b,ART-HUM_7
missed,b33,10.1075/la.229.17lie,ART-HUM_7
missed,b54,10.3758/mc.36.6.1122,ART-HUM_7
missed,b7,10.1093/acprof:oso/9780199263936.001.0001,ART-HUM_7
missed,b32,10.1075/cilt.311.11lie,ART-HUM_7
missed,b37,10.1075/ml.4.2.05nag,ART-HUM_7
missed,b3,10.1093/acprof:oso/9780198747062.001.0001,ART-HUM_7
missed,b43,10.1075/tilar.6.05rav,ART-HUM_7
missed,b42,10.1017/s0305000998003419,ART-HUM_7
missed,b31,10.1017/s0305000998003407,ART-HUM_7
missed,b41,10.1007/978-94-007-4960-3,ART-HUM_7
missed,b11,10.1016/0010-0277(82)90027-0,ART-HUM_7
missed,b18,10.1163/9780080548692_009,ART-HUM_7
missed,b56,10.1177/0142723711409976,ART-HUM_7
missed,b8,10.1002/(issn)1099-1212,ART-HUM_8
missed,b19,10.1163/9789004252554,ART-HUM_8
missed,b25,10.1017/cbo9780511802676,ART-HUM_8
missed,b65,10.1002/rcm.6447,ART-HUM_8
missed,b20,10.1002/(issn)1096-8644,ART-HUM_8
missed,b42,10.1107/s0907444909052925,BIO-GEN-MOL_12
missed,b53,10.1146/annurev-micro-121809-151631,BIO-GEN-MOL_12
missed,b66,10.1016/j.hrmr.2013.05.004,BUS-MAN-ACC_13
missed,b56,10.1016/j.jwb.2013.11.012,BUS-MAN-ACC_13
missed,b59,10.1016/j.jwb.2013.11.011,BUS-MAN-ACC_13
missed,b64,10.1080/09585192.2013.777542,BUS-MAN-ACC_13
missed,b50,10.1016/j.jwb.2013.11.002,BUS-MAN-ACC_13
missed,b53,10.1037/0021-9010.88.5.879,BUS-MAN-ACC_13
missed,b55,10.1108/whatt-10-2017-0068,BUS-MAN-ACC_13
missed,b71,10.1080/19368623.2011.536074,BUS-MAN-ACC_13
missed,b62,10.1108/00197851111145853,BUS-MAN-ACC_13
missed,b65,10.1108/jgm-07-2017-0026,BUS-MAN-ACC_13
missed,b60,10.1016/j.hrmr.2015.04.002,BUS-MAN-ACC_13
missed,b57,10.1108/whatt-10-2017-0062,BUS-MAN-ACC_13
missed,b67,10.1108/pr-10-2013-0190,BUS-MAN-ACC_13
missed,b54,10.1108/whatt-10-2017-0066,BUS-MAN-ACC_13
missed,b54,10.2307/1556416,BUS-MAN-ACC_14
missed,b45,10.1080/1359432x.2014.992421,BUS-MAN-ACC_14
missed,b62,10.1016/j.jvb.2004.06.001,BUS-MAN-ACC_14
missed,b49,10.4324/9781315648194,BUS-MAN-ACC_14
missed,b58,10.1177/0899764012451368,BUS-MAN-ACC_14
missed,b50,10.1080/1359432x.2014.960401,BUS-MAN-ACC_14
missed,b56,10.1108/pr-05-2013-0073,BUS-MAN-ACC_14
missed,b63,10.1016/s1475-9144(07)06017-1,BUS-MAN-ACC_14
missed,b69,10.1177/1059601195201003,BUS-MAN-ACC_14
missed,b64,10.1016/j.obhdp.2013.10.011,BUS-MAN-ACC_14
missed,b66,10.1037/0021-9010.69.3.428,BUS-MAN-ACC_14
missed,b46,10.5465/1556364,BUS-MAN-ACC_14
missed,b59,10.1037/0021-9010.88.5.879,BUS-MAN-ACC_14
missed,b55,10.1177/10496402033003004,BUS-MAN-ACC_14
missed,b48,10.4337/9781784711740,BUS-MAN-ACC_14
missed,b60,10.3102/10769986031004437,BUS-MAN-ACC_14
missed,b19,10.2307/30040625,BUS-MAN-ACC_14
missed,b57,10.1111/1467-8551.12146,BUS-MAN-ACC_14
missed,b53,10.1111/ijmr.12045,BUS-MAN-ACC_14
missed,b52,10.1002/(sici)1099-1379(199803)19:2<131::aid-job878>3.0.co;2-p,BUS-MAN-ACC_14
missed,b65,10.2307/2392563,BUS-MAN-ACC_14
missed,b71,10.1177/1094428109351241,BUS-MAN-ACC_14
missed,b47,10.1108/s1534-0856(2010)0000013015,BUS-MAN-ACC_14
missed,b68,10.1016/s1048-9843(99)80009-5,BUS-MAN-ACC_14
missed,b51,10.1037/a0020744,BUS-MAN-ACC_14
missed,b58,10.1016/j.intell.2012.08.006,BUS-MAN-ACC_15
missed,b35,10.1080/13691066.2013.847635,BUS-MAN-ACC_15
missed,b43,10.1177/002224378101800313,BUS-MAN-ACC_15
missed,b52,10.1016/j.jbusres.2009.11.015,BUS-MAN-ACC_15
missed,b38,10.1525/cmr.2016.58.2.44,BUS-MAN-ACC_15
missed,b56,10.1108/intr-08-2014-0202,BUS-MAN-ACC_15
missed,b41,10.1057/jit.2016.1,BUS-MAN-ACC_15
missed,b51,10.1108/17468800710824509,BUS-MAN-ACC_15
missed,b50,10.1145/2530540,BUS-MAN-ACC_15
missed,b53,10.1016/j.jbusres.2015.06.004,BUS-MAN-ACC_15
missed,b30,10.1111/etap.12139,BUS-MAN-ACC_15
missed,b34,10.1016/j.chb.2018.01.014,BUS-MAN-ACC_15
missed,b33,10.1007/s10869-010-9181-6,BUS-MAN-ACC_15
missed,b57,10.1086/222355,BUS-MAN-ACC_15
missed,b44,10.1257/0002828043052187,BUS-MAN-ACC_15
missed,b32,10.1111/etap.12118,BUS-MAN-ACC_15
missed,b46,10.1016/j.elerap.2015.09.003,BUS-MAN-ACC_15
missed,b45,10.1080/13691066.2014.916512,BUS-MAN-ACC_15
missed,b49,10.1108/10662240410542634,BUS-MAN-ACC_15
missed,b6,10.1177/002224379202900103,BUS-MAN-ACC_16
missed,b81,10.1016/s0022-4359(01)00065-3,BUS-MAN-ACC_16
missed,b82,10.1002/mar.20373,BUS-MAN-ACC_16
missed,b38,10.1016/j.jcps.2011.02.007,BUS-MAN-ACC_16
missed,b47,10.1080/10196780802265843,BUS-MAN-ACC_16
missed,b76,10.1002/job.4030160309,BUS-MAN-ACC_16
missed,b14,10.1177/0092070300281009,BUS-MAN-ACC_16
missed,b8,10.1287/isre.1090.0265,BUS-MAN-ACC_16
missed,b67,10.1002/per.474,BUS-MAN-ACC_16
missed,b2,10.1007/s11747-009-0178-5,BUS-MAN-ACC_16
missed,b25,10.1111/j.1468-2370.2011.00314.x,BUS-MAN-ACC_16
missed,b27,10.1177/002224378101800104,BUS-MAN-ACC_16
missed,b58,10.1177/002224299405800302,BUS-MAN-ACC_16
missed,b39,10.1108/10610420810904149,BUS-MAN-ACC_16
missed,b16,10.1108/17566691211269549,BUS-MAN-ACC_16
missed,b20,10.1111/j.1467-8551.2006.00499.x,BUS-MAN-ACC_16
missed,b65,10.1016/j.chb.2011.07.016,BUS-MAN-ACC_16
missed,b19,10.1177/002224299005400306,BUS-MAN-ACC_16
missed,b4,10.1016/j.indmarman.2004.07.002,BUS-MAN-ACC_16
missed,b72,10.1080/0267257x.2012.737356,BUS-MAN-ACC_16
missed,b56,10.1037/0033-2909.127.2.249,BUS-MAN-ACC_16
missed,b80,10.1509/jmkg.73.5.30,BUS-MAN-ACC_16
missed,b73,10.1007/s11747-009-0144-2,BUS-MAN-ACC_16
missed,b85,10.1108/07363760710773111,BUS-MAN-ACC_16
missed,b35,10.1007/s11747-015-0462-5,BUS-MAN-ACC_16
missed,b68,10.1016/j.indmarman.2007.11.001,BUS-MAN-ACC_16
missed,b44,10.1177/002224377301000101,BUS-MAN-ACC_16
missed,b22,10.1509/jmkg.65.4.33.18386,BUS-MAN-ACC_16
missed,b78,10.1016/0022-1031(80)90007-4,BUS-MAN-ACC_16
missed,b55,10.1287/mksc.2014.0890,BUS-MAN-ACC_16
missed,b84,10.1108/10662241211214566,BUS-MAN-ACC_16
missed,b23,10.1177/1094670509338618,BUS-MAN-ACC_16
missed,b57,10.1086/426615,BUS-MAN-ACC_16
missed,b7,10.1016/j.ijresmar.2006.01.005,BUS-MAN-ACC_16
missed,b17,10.1080/13527260701535236,BUS-MAN-ACC_16
missed,b5,10.2753/mtp1069-6679190207,BUS-MAN-ACC_16
missed,b64,10.1509/jmkg.73.5.1,BUS-MAN-ACC_16
missed,b36,10.1509/jmkg.2005.69.4.210,BUS-MAN-ACC_16
missed,b79,10.1037/0022-3514.45.1.101,BUS-MAN-ACC_16
missed,b51,10.1509/jm.15.0430,BUS-MAN-ACC_16
missed,b26,10.5465/amj.2008.35732596,BUS-MAN-ACC_16
missed,b75,10.5465/amr.1994.9410122009,BUS-MAN-ACC_16
missed,b45,10.1007/s11747-015-0427-8,BUS-MAN-ACC_16
missed,b34,10.2307/2092623,BUS-MAN-ACC_16
missed,b3,10.1287/mksc.1090.0555,BUS-MAN-ACC_16
missed,b29,10.1086/209380,BUS-MAN-ACC_16
missed,b15,10.1111/j.1540-4560.1984.tb01104.x,BUS-MAN-ACC_16
missed,b63,10.1509/jmkg.70.4.136,BUS-MAN-ACC_16
missed,b24,10.1177/0092070394222001,BUS-MAN-ACC_16
missed,b18,10.1177/0165551508099088,BUS-MAN-ACC_16
missed,b41,10.1016/j.jbusres.2014.12.001,BUS-MAN-ACC_16
missed,b10,10.2307/3250921,BUS-MAN-ACC_16
missed,b21,10.1016/j.dss.2009.02.008,BUS-MAN-ACC_16
missed,b46,10.1016/j.bushor.2009.09.003,BUS-MAN-ACC_16
missed,b48,10.1362/026725708x306167,BUS-MAN-ACC_16
missed,b33,10.1037/a0028723,BUS-MAN-ACC_16
missed,b30,10.17705/1jais.00022,BUS-MAN-ACC_16
missed,b70,10.1287/mnsc.1070.0765,BUS-MAN-ACC_16
missed,b69,10.1080/0965254x.2015.1095226,BUS-MAN-ACC_16
missed,b49,10.1108/03090560710773345,BUS-MAN-ACC_16
missed,b77,10.1007/bf01384942,BUS-MAN-ACC_16
missed,b9,10.1016/s0019-8501(01)00186-9,BUS-MAN-ACC_16
missed,b32,10.1177/0146167208323743,BUS-MAN-ACC_16
missed,b37,10.1016/j.jbusres.2016.08.026,BUS-MAN-ACC_16
missed,b31,10.2307/30036519,BUS-MAN-ACC_16
missed,b54,10.1080/714005009,BUS-MAN-ACC_16
missed,b28,10.1016/j.jcat.2007.03.016,CHE-ENG_18
missed,b38,10.1021/acs.macromol.8b00570,CHE-ENG_18
missed,b1,10.1021/cr500064w,CHE-ENG_18
missed,b25,10.1021/jacs.8b12181,CHE-ENG_18
missed,b36,10.1021/ma402355v,CHE-ENG_18
missed,b43,10.1002/cctc.201701919,CHE-ENG_18
missed,b44,10.1039/c8cc08292h,CHE-ENG_18
missed,b17,10.1021/jacs.7b03152,CHE-ENG_18
missed,b6,10.1021/ja201873d,CHE-ENG_18
missed,b16,10.1021/jacs.5b02967,CHE-ENG_18
missed,b24,10.1002/adma.201004326,CHE-ENG_18
missed,b40,10.1021/jacs.5b08299,CHE-ENG_18
missed,b3,10.1016/s0040-4039(00)88562-7,CHE-ENG_18
missed,b33,10.1002/anie.200502095,CHE-ENG_18
missed,b9,10.1016/s0040-4039(99)00488-8,CHE-ENG_18
missed,b26,10.1039/c6py01849a,CHE-ENG_18
missed,b47,10.1002/adma.201502389,CHE-ENG_18
missed,b34,10.1002/adsc.200606095,CHE-ENG_18
missed,b8,10.1021/jacs.6b10836,CHE-ENG_18
missed,b12,10.1016/s0040-4039(00)80328-7,CHE-ENG_18
missed,b19,10.1021/jacs.8b06875,CHE-ENG_18
missed,b27,10.1016/j.tet.2008.10.051,CHE-ENG_18
missed,b30,10.1021/jo300569c,CHE-ENG_18
missed,b7,10.1021/jacs.5b11429,CHE-ENG_18
missed,b39,10.1021/acs.chemrev.6b00652,CHE-ENG_18
missed,b35,10.1002/anie.201207123,CHE-ENG_18
missed,b46,10.1002/1521-3765(20020916)8:18<4299::aid-chem4299>3.0.co;2-b,CHE-ENG_18
missed,b2,10.1021/ja00163a052,CHE-ENG_18
missed,b10,10.1021/cr0306945,CHE-ENG_18
missed,b50,10.1039/c5cy00953g,CHE-ENG_18
missed,b5,10.1002/adsc.201000428,CHE-ENG_18
missed,b4,10.1021/ic034578w,CHE-ENG_18
missed,b14,10.1021/jacs.8b02135,CHE-ENG_18
missed,b18,10.1021/jacs.8b04531,CHE-ENG_18
missed,b22,10.1002/1615-4169(200202)344:2<131::aid-adsc131>3.0.co;2-t,CHE-ENG_18
missed,b0,10.1039/c0cs00077a,CHE-ENG_18
missed,b41,10.1016/j.colsurfb.2014.10.035,CHE-ENG_18
missed,b20,10.1021/jacs.8b00122,CHE-ENG_18
missed,b11,10.1021/cr800448q,CHE-ENG_18
missed,b49,10.1039/c4cy01290a,CHE-ENG_18
missed,b32,10.1016/j.cbpa.2014.03.002,CHE-ENG_18
missed,b21,10.1039/c8cc05590d,CHE-ENG_18
missed,b31,10.1039/c3cs60202h,CHE-ENG_18
missed,b23,10.1002/adma.200803276,CHE-ENG_18
missed,b42,10.1016/j.gee.2017.01.003,CHE-ENG_18
missed,b45,10.1021/jacs.8b11860,CHE-ENG_18
missed,b48,10.1002/chem.201402136,CHE-ENG_18
missed,b29,10.1002/(sici)1521-3773(20000417)39:8<1352::aid-anie1352>3.0.co;2-j,CHE-ENG_18
missed,b13,10.1016/j.copbio.2012.11.013,CHE-ENG_18
missed,b37,10.1021/acs.macromol.6b01085,CHE-ENG_18
missed,b13,10.1016/j.surfcoat.2014.02.002,CHEM_21
missed,b37,10.1039/c7ta07440a,CHEM_22
missed,b32,10.1016/j.materresbull.2018.03.044,CHEM_22
missed,b34,10.1039/c5ta00218d,CHEM_22
missed,b38,10.1016/j.apcatb.2016.09.051,CHEM_22
missed,b3,10.1002/smll.201701552,CHEM_22
missed,b10,10.1039/c7nr01705g,CHEM_22
missed,b23,10.1039/c5ta00402k,CHEM_22
missed,b18,10.1016/j.jechem.2018.02.018,CHEM_22
missed,b21,10.1186/s11671-018-2448-y,CHEM_22
missed,b11,10.1039/c8ta00671g,CHEM_22
missed,b0,10.1016/j.jhazmat.2016.04.011,CHEM_22
missed,b39,10.1002/smll.201601668,CHEM_22
missed,b16,10.1039/c5dt01859e,CHEM_22
missed,b31,10.1016/j.jcis.2018.07.047,CHEM_22
missed,b26,10.1039/c3cs60067j,CHEM_22
missed,b36,10.1038/ncomms3500,CHEM_22
missed,b41,10.1038/ncomms12165,CHEM_22
missed,b19,10.1016/j.apcatb.2017.11.025,CHEM_22
missed,b28,10.1039/c6cp02832b,CHEM_22
missed,b24,10.1039/c8dt02893a,CHEM_22
missed,b25,10.1039/c7sc01747b,CHEM_22
missed,b20,10.1016/j.scitotenv.2018.03.206,CHEM_22
missed,b2,10.1016/j.apsusc.2018.08.181,CHEM_22
missed,b6,10.1039/c8dt04496a,CHEM_22
missed,b44,10.1002/adfm.201806774,CHEM_22
missed,b5,10.1038/238037a0,CHEM_22
missed,b4,10.1021/acscatal.8b03737,CHEM_22
missed,b30,10.1021/acsami.9b05572,CHEM_22
missed,b1,10.1016/j.apcatb.2018.09.097,CHEM_22
missed,b33,10.1007/s10853-017-1540-5,CHEM_22
missed,b7,10.1039/c2nr33004k,CHEM_22
missed,b45,10.1039/c4cc06960a,CHEM_22
missed,b42,10.1039/c8cp01123k,CHEM_22
missed,b22,10.1039/c4ta04779f,CHEM_22
missed,b12,10.1016/j.matlet.2018.10.088,CHEM_22
missed,b14,10.1039/c8ra09929d,CHEM_22
missed,b15,10.1016/j.apcatb.2019.01.042,CHEM_22
missed,b9,10.1016/j.ijhydene.2019.03.164,CHEM_22
missed,b46,10.1063/1.4723575,CHEM_22
missed,b35,10.1002/adma.201505281,CHEM_22
missed,b8,10.1039/c7cp01300k,CHEM_22
missed,b17,10.1016/j.jcou.2018.09.008,CHEM_22
missed,b40,10.1016/j.carbon.2017.03.052,CHEM_22
missed,b27,10.1039/c5cp00560d,CHEM_22
missed,b13,10.1039/c7dt03003g,CHEM_22
missed,b43,10.1002/cssc.201801431,CHEM_22
missed,b29,10.1021/acsami.6b04388,CHEM_22
missed,b6,10.1016/j.jelechem.2015.07.055,CHEM_23
missed,b21,10.1080/19440040903261547,CHEM_23
missed,b41,10.1016/s1452-3981(23)17071-4,CHEM_23
missed,b21,10.1002/anie.201606268,CHEM_24
missed,b17,10.1039/c1an15705a,CHEM_24
missed,b5,10.1002/adma.201705024,CHEM_24
missed,b12,10.1016/j.elecom.2014.10.014,CHEM_24
missed,b8,10.1016/j.coelec.2018.04.004,CHEM_24
missed,b29,10.1021/ac0492158,CHEM_24
missed,b15,10.1016/j.trac.2010.06.006,CHEM_24
missed,b23,10.1039/c3gc42454e,CHEM_24
missed,b10,10.3390/s121013349,CHEM_24
missed,b1,10.1007/s00467-013-2712-4,CHEM_24
missed,b20,10.1021/ac202979j,CHEM_24
missed,b18,10.1016/j.elecom.2015.03.014,CHEM_24
missed,b19,10.1016/j.elecom.2011.10.018,CHEM_24
missed,b13,10.1021/ac071156l,CHEM_24
missed,b6,10.1021/ac00045a007,CHEM_24
missed,b9,10.1021/a1980010w,CHEM_24
missed,b22,10.1002/adfm.201300780,CHEM_24
missed,b28,10.1002/anie.201702076,CHEM_24
missed,b2,10.1039/c7lc00914c,CHEM_24
missed,b3,10.1002/adma.201504829,CHEM_24
missed,b4,10.1021/acssensors.6b00250,CHEM_24
missed,b7,10.1021/ac990497z,CHEM_24
missed,b25,10.1016/s0003-2670(01)01407-6,CHEM_24
missed,b0,10.1161/01.cir.0000145144.56673.59,CHEM_24
missed,b27,10.1038/s41467-018-07632-w,CHEM_24
missed,b26,10.1002/elan.201100551,CHEM_24
missed,b11,10.1021/ac501633r,CHEM_24
missed,b24,10.1039/an9941902417,CHEM_24
missed,b14,10.1021/ac802078z,CHEM_24
missed,b16,10.1016/j.elecom.2016.03.010,CHEM_24
missed,b33,10.1287/opre.42.5.895,DEC-SCI_29
missed,b5,10.1109/wsc.2005.1574312,DEC-SCI_31
missed,b29,10.1017/cbo9781139174084,DEC-SCI_31
missed,b37,10.1109/wsc.1998.745056,DEC-SCI_31
missed,b12,10.1142/7437,DEC-SCI_31
missed,b24,10.1002/9780470980033,DEC-SCI_31
missed,b46,10.1145/2463372.2463561,DEC-SCI_31
missed,b36,10.1109/wsc.2006.323077,DEC-SCI_31
missed,b0,10.1002/nav.20408,DEC-SCI_31
missed,b5,10.1561/9781601983374,DEC-SCI_32
missed,b3,10.1007/s00291-011-0268-x,DEC-SCI_32
missed,b43,10.1016/j.cor.2011.07.016,DEC-SCI_32
missed,b8,10.1515/9781400831050,DEC-SCI_32
missed,b4,10.1016/j.cor.2014.10.006,DEC-SCI_32
missed,b5,10.1177/0022034514563077,DEN_33
missed,b14,10.1111/prd.12164,DEN_33
missed,b26,10.1111/j.1600-0501.2007.01423.x,DEN_33
missed,b9,10.1093/ejo/cjl001,DEN_34
missed,b11,10.1177/154405910608500812,DEN_34
missed,b23,10.1080/15548627.2018.1483807,DEN_34
missed,b1,10.14219/jada.archive.2008.0184,DEN_34
missed,b6,10.1016/j.lfs.2018.03.038,DEN_34
missed,b4,10.1002/jcp.28108,DEN_34
missed,b17,10.1038/307648a0,DEN_34
missed,b12,10.1128/mbio.01446-15,DEN_34
missed,b2,10.1111/prd.12194,DEN_34
missed,b15,10.1038/nature06639,DEN_34
missed,b20,10.1042/bsr20160086,DEN_34
missed,b26,10.3892/mmr.2017.7813,DEN_34
missed,b8,10.1177/0022034517690388,DEN_34
missed,b19,10.4161/auto.7.12.17924,DEN_34
missed,b24,10.1016/j.devcel.2011.08.016,DEN_34
missed,b18,10.1016/j.joca.2013.10.002,DEN_34
missed,b16,10.1242/jcs.02760,DEN_34
missed,b10,10.1359/jbmr.2002.17.2.210,DEN_34
missed,b3,10.1016/s0002-9416(76)90316-x,DEN_34
missed,b25,10.1136/annrheumdis-2015-207240,DEN_34
missed,b22,10.4161/auto.36182,DEN_34
missed,b0,10.1177/0022034509338914,DEN_34
missed,b14,10.1038/nature04724,DEN_34
missed,b5,10.3892/mmr.2015.4141,DEN_34
missed,b35,10.1016/j.semcancer.2013.05.008,DEN_34
missed,b7,10.1016/j.bone.2012.07.005,DEN_34
missed,b13,10.1083/jcb.200412022,DEN_34
missed,b27,10.1016/j.archoralbio.2013.08.004,DEN_34
missed,b1,10.1111/prd.12105,DEN_35
missed,b7,10.1111/odi.12468,DEN_35
missed,b2,10.1038/nri3785,DEN_35
missed,b19,10.1111/jre.12193,DEN_35
missed,b6,10.1038/ni.1863,DEN_35
missed,b5,10.3390/v3060920,DEN_35
missed,b42,10.3389/fimmu.2012.00182,DEN_35
missed,b24,10.1111/jre.12549,DEN_35
missed,b26,10.1038/s41598-017-12480-7,DEN_35
missed,b14,10.4049/jimmunol.177.12.8296,DEN_35
missed,b17,10.1155/2015/972313,DEN_35
missed,b20,10.1111/prd.12024,DEN_35
missed,b12,10.1111/jre.12066,DEN_35
missed,b21,10.1007/s00784-013-0935-1,DEN_35
missed,b4,10.1111/j.1600-0757.2006.00179.x,DEN_35
missed,b18,10.1111/j.1601-6343.2007.00399.x,DEN_35
missed,b15,10.1111/omi.12165,DEN_35
missed,b8,10.1902/jop.2012.120496,DEN_35
missed,b13,10.1111/j.1600-051x.2011.01702.x,DEN_35
missed,b16,10.1016/j.jmb.2013.11.024,DEN_35
missed,b3,10.1111/prd.12085,DEN_35
missed,b10,10.1016/j.cyto.2008.01.006,DEN_35
missed,b0,10.1111/prd.12221,DEN_35
missed,b9,10.1128/iai.01036-12,DEN_35
missed,b1,10.1177/0333102413485658,DEN_36
missed,b23,10.1111/jcpe.13032,DEN_36
missed,b12,10.1111/head.13211,DEN_36
missed,b2,10.1111/j.1526-4610.2008.01217.x,DEN_36
missed,b13,10.1038/nrdp.2017.38,DEN_36
missed,b19,10.1523/jneurosci.16-15-04742.1996,DEN_36
missed,b10,10.1097/j.pain.0000000000000119,DEN_36
missed,b6,10.1097/wco.0000000000000440,DEN_36
missed,b14,10.1161/01.atv.0000078603.90302.4a,DEN_36
missed,b15,10.1007/s10266-018-0360-7,DEN_36
missed,b11,10.1111/head.12372,DEN_36
missed,b20,10.1016/s0197-0186(01)00094-8,DEN_36
missed,b4,10.1046/j.1468-2982.2002.00310.x,DEN_36
missed,b17,10.1002/jper.17-0603,DEN_36
missed,b16,10.1111/jcpe.12819,DEN_36
missed,b0,10.1056/nejmra010917,DEN_36
missed,b3,10.1016/s1474-4422(18)30322-3,DEN_36
missed,b5,10.1016/j.ejphar.2004.07.035,DEN_36
missed,b18,10.1016/j.mehy.2017.03.019,DEN_36
missed,b8,10.1212/wnl.0b013e31826170ce,DEN_36
missed,b21,10.1007/s00726-011-1161-2,DEN_36
missed,b9,10.1212/wnl.0b013e3182a6cb72,DEN_36
missed,b7,10.1002/ana.410280213,DEN_36
missed,b22,10.1016/j.jclinepi.2007.11.008,DEN_36
missed,b40,10.1016/j.epsl.2013.11.039,EAR-PLA-SCI_37
missed,b13,10.1016/s0277-3791(97)00029-2,EAR-PLA-SCI_37
missed,b24,10.1073/pnas.0803533105,EAR-PLA-SCI_37
missed,b4,10.1017/s0003598x00054168,EAR-PLA-SCI_37
missed,b29,10.1371/journal.pone.0071004,EAR-PLA-SCI_37
missed,b19,10.1146/annurev.earth.32.101802.120435,EAR-PLA-SCI_37
missed,b17,10.1002/joc.1276,EAR-PLA-SCI_37
missed,b11,10.1002/2015gl065397,EAR-PLA-SCI_37
missed,b2,10.1130/g33012.1,EAR-PLA-SCI_37
missed,b18,10.1016/j.quascirev.2007.03.006,EAR-PLA-SCI_37
missed,b55,10.1007/978-1-4020-5302-3_26,EAR-PLA-SCI_37
missed,b5,10.1038/ngeo2652,EAR-PLA-SCI_37
missed,b8,10.1016/j.quascirev.2016.08.010,EAR-PLA-SCI_37
missed,b30,10.1038/srep03540,EAR-PLA-SCI_37
missed,b9,10.3389/fpls.2016.01581,EAR-PLA-SCI_37
missed,b23,10.1126/science.1059126,EAR-PLA-SCI_37
missed,b10,10.3389/fevo.2017.00114,EAR-PLA-SCI_37
missed,b27,10.1016/j.gloplacha.2011.06.010,EAR-PLA-SCI_37
missed,b32,10.1126/sciadv.1700954,EAR-PLA-SCI_37
missed,b28,10.1177/0959683610378883,EAR-PLA-SCI_37
missed,b48,10.1093/oso/9780198150343.001.0001,EAR-PLA-SCI_37
missed,b15,10.1371/journal.pone.0189447,EAR-PLA-SCI_37
missed,b26,10.1016/j.yqres.2010.07.010,EAR-PLA-SCI_37
missed,b1,10.1086/373411,EAR-PLA-SCI_37
missed,b93,10.1016/j.epsl.2017.05.002,EAR-PLA-SCI_38
missed,b102,10.1086/185603,EAR-PLA-SCI_38
missed,b50,10.1016/j.gca.2016.05.014,EAR-PLA-SCI_38
missed,b98,10.1086/506910,EAR-PLA-SCI_38
missed,b31,10.5194/essd-11-959-2019,EAR-PLA-SCI_39
missed,b36,10.1186/1476-069x-13-92,EAR-PLA-SCI_39
missed,b53,10.3126/bdg.v11i0.1545,EAR-PLA-SCI_39
missed,b47,10.3390/atmos10030107,EAR-PLA-SCI_39
missed,b17,10.5194/gi-7-39-2018,EAR-PLA-SCI_40
missed,b52,10.1029/2009jd011800,EAR-PLA-SCI_40
missed,b36,10.1029/2003gl018765,EAR-PLA-SCI_40
missed,b30,10.1029/2012jd017493,EAR-PLA-SCI_40
missed,b37,10.1029/2005gl023624,EAR-PLA-SCI_40
missed,b15,10.1111/j.2517-6161.1952.tb00104.x,ECO-ECO-FIN_41
missed,b24,10.1214/aoap/1177005576,ECO-ECO-FIN_42
missed,b64,10.2307/3594995,ECO-ECO-FIN_42
missed,b6,10.2139/ssrn.2906600,ECO-ECO-FIN_43
missed,b18,10.1016/j.apenergy.2014.03.003,ENE_45
missed,b13,10.2172/1241648,ENE_46
missed,b3,10.2172/1326509,ENE_46
missed,b1,10.2307/2841583,ENE_46
missed,b10,10.2172/1028760,ENE_46
missed,b4,10.2172/469122,ENE_46
missed,b16,10.1016/j.nds.2014.04.005,ENE_46
missed,b39,10.1002/pip.1182,ENE_47
missed,b5,10.1086/259394,ENE_48
missed,b9,10.1111/j.1475-679x.2009.00342.x,ENE_48
missed,b18,10.1111/j.1540-6261.2011.01651.x,ENE_48
missed,b0,10.1016/j.jfineco.2018.05.003,ENE_48
missed,b32,10.1016/j.jbankfin.2014.04.025,ENE_48
missed,b19,10.1016/j.jfineco.2014.10.012,ENE_48
missed,b17,10.1111/j.1467-937x.2005.00348.x,ENE_48
missed,b38,10.1111/jofi.12271,ENE_48
missed,b24,10.1093/rfs/hhs092,ENE_48
missed,b20,10.1016/j.jfineco.2012.01.002,ENE_48
missed,b41,10.1111/jofi.12690,ENE_48
missed,b8,10.1162/003355304772839588,ENE_48
missed,b3,10.1086/691701,ENE_48
missed,b4,10.1111/1540-6229.12099,ENE_48
missed,b7,10.1093/rfs/hhp022,ENE_48
missed,b16,10.1111/jofi.12048,ENE_48
missed,b23,10.1086/700735,ENE_48
missed,b40,10.1257/jep.24.2.211,ENE_48
missed,b26,10.1111/jofi.12188,ENE_48
missed,b15,10.1086/466756,ENE_48
missed,b25,10.1111/jofi.12514,ENE_48
missed,b31,10.1093/rfs/hhy046,ENE_48
missed,b10,10.3386/w18158,ENE_48
missed,b27,10.1257/aer.101.3.125,ENE_48
missed,b2,10.1093/qje/qju003,ENE_48
missed,b37,10.1111/jofi.12704,ENE_48
missed,b13,10.1111/j.1540-6261.2012.01798.x,ENE_48
missed,b39,10.1016/j.jhe.2015.02.007,ENE_48
missed,b12,10.1016/j.aeue.2017.11.026,ENG_51
missed,b10,10.1016/j.ibiod.2015.02.008,ENG_52
missed,b53,10.1029/2005wr004065,ENV-SCI_53
missed,b38,10.4324/9780203435557,ENV-SCI_54
missed,b5,10.1080/09538259.2018.1449480,ENV-SCI_54
missed,b4,10.3917/dec.boyer.2004.01,ENV-SCI_54
missed,b1,10.7551/mitpress/8720.001.0001,ENV-SCI_54
missed,b41,10.1111/conl.12412,ENV-SCI_55
missed,b13,10.1006/tpbi.1995.1025,ENV-SCI_55
missed,b14,10.5962/bhl.title.110800,ENV-SCI_55
missed,b16,10.1002/9781444355833.ch9,ENV-SCI_55
missed,b21,10.1111/1365-2664.12969,ENV-SCI_56
missed,b11,10.1519/jsc.0000000000001067,HEA-PRO_58
missed,b0,10.5455/ijhrs.0000000163,HEA-PRO_58
missed,b3,10.1589/jpts.28.3178,HEA-PRO_58
missed,b46,10.1126/science.aar6221,IMM-MIC_62
missed,b24,10.7554/elife.00333,IMM-MIC_62
missed,b53,10.1093/oso/9780195118810.003.0014,IMM-MIC_63
missed,b66,10.1128/aem.29.5.621-625.1975,IMM-MIC_63
missed,b59,10.1002/0470856424,IMM-MIC_63
missed,b0,10.1093/oso/9780198505235.001.0001,IMM-MIC_63
missed,b56,10.1128/jb.00110-19,IMM-MIC_63
missed,b82,10.1103/physrevfluids.3.123102,IMM-MIC_63
missed,b22,10.1046/j.1365-2958.2003.03670.x,IMM-MIC_63
missed,b58,10.1371/journal.pone.0078524,IMM-MIC_63
missed,b12,10.1142/9789814293082_0002,IMM-MIC_63
missed,b81,10.1111/1574-6976.12081,IMM-MIC_63
missed,b18,10.1007/bf00258408,IMM-MIC_64
missed,b25,10.1111/j.1574-6968.2007.00872.x,IMM-MIC_64
missed,b28,10.1038/ncomms11836,IMM-MIC_64
missed,b12,10.1016/j.biortech.2015.10.009,MAT-SCI_66
missed,b23,10.1007/978-3-662-03898-7,MAT-SCI_66
missed,b5,10.1002/9783527619849.ch5,MAT-SCI_66
missed,b2,10.1007/978-3-662-45209-7_4,MAT-SCI_66
missed,b48,10.1007/978-0-387-98141-3,MAT-SCI_67
missed,b28,10.18637/jss.v001.i04,MAT-SCI_67
missed,b47,10.1163/22941932-90000496,MAT-SCI_67
missed,b13,10.1007/s10035-009-0155-1,MAT-SCI_67
missed,b3,10.1016/j.polymertesting.2018.09.033,MAT-SCI_68
missed,b14,10.1016/j.coco.2016.12.001,MAT-SCI_68
missed,b1,10.1016/j.laa.2006.10.017,MATH_69
missed,b41,10.1007/978-94-015-7793-9,MATH_72
missed,b34,10.1007/s40435-018-0432-0,MATH_72
missed,b12,10.1007/s11432-016-0555-2,MATH_72
missed,b26,10.1186/1745-6215-15-50,MED_74
missed,b13,10.1111/joim.1990.227.issue-1,MED_74
missed,b0,10.1161/cir.0000000000000485,MED_74
missed,b23,10.1111/joim.1991.229.issue-4,MED_74
missed,b15,10.1002/9781119013563,MED_76
missed,b11,10.1016/j.jval.2011.08.1737,MED_76
missed,b4,10.1093/annonc/mdw326,MED_76
missed,b68,10.1093/nar/gkm216,MUL_77
missed,b50,10.1021/ja038461i,MUL_77
missed,b64,10.1016/s0076-6879(97)76066-x,MUL_77
missed,b74,10.1371/journal.pone.0146021,MUL_77
missed,b66,10.1107/s0907444904019158,MUL_77
missed,b47,10.1038/nchembio.1524,MUL_77
missed,b69,10.1073/pnas.1112838108,MUL_77
missed,b59,10.5501/wjv.v5.i2.85,MUL_77
missed,b43,10.1038/nature08583,MUL_77
missed,b65,10.1107/s0907444909052925,MUL_77
missed,b62,10.1007/s10822-010-9349-1,MUL_77
missed,b46,10.1021/acschembio.8b00955,MUL_77
missed,b63,10.1021/jm051256o,MUL_77
missed,b49,10.1021/bi026423q,MUL_77
missed,b48,10.1021/ja0527525,MUL_77
missed,b70,10.1126/science.1173041,MUL_77
missed,b71,10.1016/s0005-2728(89)80347-0,MUL_77
missed,b72,10.1093/pcp/pcy061,MUL_77
missed,b73,10.1186/1746-4811-9-36,MUL_77
missed,b45,10.1126/science.aau5445,MUL_77
missed,b44,10.1039/c6md00377j,MUL_77
missed,b60,10.1111/j.1365-313x.2009.03981.x,MUL_77
missed,b61,10.3389/fpls.2018.00422,MUL_77
missed,b67,10.1107/s0907444909042073,MUL_77
missed,b36,10.1016/j.scitotenv.2004.03.009,MUL_78
missed,b34,10.1046/j.1365-2486.2001.00448.x,MUL_78
missed,b49,10.1175/jcli3676.1,MUL_78
missed,b6,10.1111/j.1365-2486.2008.01680.x,MUL_78
missed,b14,10.5194/acpd-10-16153-2010,MUL_78
missed,b27,10.1038/nature14213,MUL_78
missed,b33,10.1029/2004gl020904,MUL_78
missed,b28,10.1016/j.rsase.2018.04.013,MUL_78
missed,b26,10.1016/j.scitotenv.2016.09.033,MUL_78
missed,b30,10.1038/nature03972,MUL_78
missed,b35,10.1080/01431161.2014.890298,MUL_78
missed,b23,10.1093/nar/gky1016,MUL_79
missed,b8,10.1155/2018/8090797,MUL_79
missed,b3,10.1145/505282.505283,MUL_80
missed,b12,10.1186/s12888-015-0557-z,MUL_80
missed,b8,10.7326/0003-4819-122-9-199505010-00007,MUL_80
missed,b30,10.7916/d8j68tv7,NEU_81
missed,b34,10.1007/bf00236557,NEU_81
missed,b31,10.1186/s40478-014-0157-z,NEU_81
missed,b61,10.1523/eneuro.0384-17.2018,NEU_81
missed,b22,10.1016/j.neuron.2018.07.046,NEU_81
missed,b10,10.1038/nn.3997,NEU_81
missed,b12,10.1212/wnl.54.4.14a,NEU_81
missed,b2,10.1016/j.ynstr.2017.02.004,NEU_83
missed,b7,10.12688/f1000research.11808.2,NEU_83
missed,b52,10.3389/fnbeh.2015.00102,NEU_83
missed,b34,10.1038/s41420-018-0061-6,NEU_83
missed,b27,10.1111/gbb.12552,NEU_83
missed,b45,10.1016/j.freeradbiomed.2016.01.024,NEU_83
missed,b0,10.1093/brain/aww330,NEU_84
missed,b36,10.3892/or.2017.6101,NEU_84
missed,b60,10.1615/critrevimmunol.v21.i5.20,NEU_84
missed,b31,10.1046/j.1471-4159.1999.0722053.x,NEU_84
missed,b38,10.3390/molecules22081287,NEU_84
missed,b7,10.1177/1179573517709278,NEU_84
missed,b29,10.1155/2019/2309175,NEU_84
missed,b21,10.1080/17482631.2018.1474673,NUR_85
missed,b35,10.1177/0969733014557119,NUR_85
missed,b30,10.1111/opn.12129,NUR_85
missed,b17,10.1016/j.socscimed.2015.05.015,NUR_85
missed,b1,10.1186/1478-4491-11-1,NUR_86
missed,b30,10.1007/s00134-011-2300-7,NUR_86
missed,b14,10.4135/9781473983304,NUR_86
missed,b31,10.1111/j.1365-2834.2012.01467.x,NUR_86
missed,b7,10.1093/acprof:oso/9780199280643.001.0001,NUR_86
missed,b0,10.1186/s12912-017-0242-2,NUR_87
missed,b18,10.1016/j.outlook.2017.09.002,NUR_87
missed,b7,10.1086/222197,NUR_87
missed,b1,10.1016/j.nedt.2017.05.015,NUR_87
missed,b12,10.1016/j.nedt.2017.12.005,NUR_87
missed,b20,10.1186/s12939-017-0571-5,NUR_87
missed,b35,10.1177/0969733014557119,NUR_88
missed,b30,10.1111/opn.12129,NUR_88
missed,b17,10.1016/j.socscimed.2015.05.015,NUR_88
missed,b79,10.1039/c6nr07528b,PHA-TOX-PHA_89
missed,b50,10.1038/s41598-018-27204-8,PHA-TOX-PHA_89
missed,b17,10.1038/s41598-019-48261-7,PHA-TOX-PHA_90
missed,b13,10.4236/ojapo.2014.32003,PHA-TOX-PHA_90
missed,b23,10.1111/j.1747-0285.2009.00832.x,PHA-TOX-PHA_90
missed,b3,10.1016/s0300-5712(10)70005-1,PHA-TOX-PHA_91
missed,b0,10.1016/s0958-6946(01)00113-3,PHA-TOX-PHA_91
missed,b6,10.1016/0168-3659(96)01456-3,PHA-TOX-PHA_91
missed,b4,10.1128/aem.63.9.3724-3728.1997,PHA-TOX-PHA_91
missed,b5,10.1016/s0144-8617(00)00262-9,PHA-TOX-PHA_91
missed,b52,10.1128/jcm.22.6.996-1006.1985,PHA-TOX-PHA_91
missed,b1,10.1016/s0008-6215(03)00148-4,PHA-TOX-PHA_91
missed,b2,10.1016/j.carbpol.2012.05.064,PHA-TOX-PHA_91
missed,b9,10.1155/2008/704045,PHA-TOX-PHA_92
missed,b3,10.1016/j.phymed.2017.10.003,PHA-TOX-PHA_92
missed,b22,10.1038/srep44252,PHA-TOX-PHA_92
missed,b1,10.1016/j.fct.2013.09.035,PHA-TOX-PHA_92
missed,b5,10.1016/j.jff.2018.12.039,PHA-TOX-PHA_92
missed,b2,10.1016/j.biopha.2016.12.096,PHA-TOX-PHA_92
missed,b26,10.1001/jama.1986.03380200073024,PHA-TOX-PHA_92
missed,b4,10.1016/j.jff.2017.10.020,PHA-TOX-PHA_92
missed,b0,10.2337/diab.40.4.405,PHA-TOX-PHA_92
missed,b6,10.1079/bjn20041117,PHA-TOX-PHA_92
missed,b7,10.1016/j.jff.2017.12.013,PHA-TOX-PHA_92
missed,b5,10.1016/j.optlaseng.2016.02.008,PHY-AST_94
missed,b18,10.1364/ol.39.000009,PHY-AST_95
missed,b28,10.1109/jstqe.2010.2092753,PHY-AST_95
missed,b23,10.1103/physrevlett.102.113002,PHY-AST_96
missed,b26,10.1002/ajmg.b.30612,PSY_100
missed,b8,10.1023/a:1005653411471,PSY_100
missed,b0,10.1176/appi.books.9780890425596,PSY_100
missed,b29,10.1111/1467-8624.00355,PSY_97
missed,b20,10.3389/fpsyg.2015.00946,PSY_97
missed,b17,10.1037/14797-006,PSY_97
missed,b26,10.1146/annurev.ecolsys.28.1.341,PSY_97
missed,b22,10.1023/a:1023277413027,PSY_97
missed,b11,10.1007/s10803-013-1966-9,PSY_99
missed,b0,10.1176/appi.books.9780890425596,PSY_99
missed,b7,10.1093/gerhis/ghu070,SOC-SCI_101
missed,b5,10.1037/abn0000199,SOC-SCI_103
missed,b26,10.1177/1088357609347325,SOC-SCI_103
missed,b3,10.1080/13668250410001709494,SOC-SCI_103
missed,b21,10.1177/1362361317729526,SOC-SCI_103
missed,b19,10.1016/j.neuropsychologia.2010.07.012,SOC-SCI_103
missed,b7,10.1016/s1364-6613(98)01262-5,SOC-SCI_103
missed,b18,10.1016/j.neubiorev.2012.07.004,SOC-SCI_103
missed,b20,10.1038/srep40700,SOC-SCI_103
missed,b0,10.1176/appi.books.9780890425596,SOC-SCI_103
missed,b8,10.1044/1092-4388(2012/12-0067),SOC-SCI_103
missed,b9,10.2307/1416950,SOC-SCI_103
missed,b1,10.1073/pnas.1516191113,SOC-SCI_103
missed,b2,10.7551/mitpress/4635.001.0001,SOC-SCI_103
missed,b6,10.1007/s10803-014-2194-7,SOC-SCI_103
missed,b25,10.1037/a0013067,SOC-SCI_103
missed,b13,10.1080/09687599.2012.710008,SOC-SCI_103
missed,b15,10.1016/j.jneumeth.2006.11.017,SOC-SCI_103
missed,b12,10.1111/j.1469-7610.1989.tb00288.x,SOC-SCI_103
missed,b10,10.1016/s1364-6613(98)01230-3,SOC-SCI_103
missed,b24,10.1016/j.cognition.2016.11.003,SOC-SCI_103
missed,b17,10.1007/s10803-014-2106-x,SOC-SCI_103
missed,b16,10.1371/journal.pone.0049859,SOC-SCI_103
missed,b23,10.1177/1362361313492392,SOC-SCI_103
missed,b4,10.1016/s2215-0366(17)30162-1,SOC-SCI_103
missed,b11,10.1007/s10803-013-1966-9,SOC-SCI_103
missed,b22,10.1007/s10803-015-2662-8,SOC-SCI_103
missed,b76,10.1016/j.smallrumres.2013.07.007,VET_105
missed,b65,10.56808/2985-1130.2162,VET_105
missed,b75,10.1006/cryo.1993.1042,VET_105
missed,b74,10.1590/s0102-09352009000100007,VET_105
missed,b34,10.1016/s0093-691x(97)84066-6,VET_105
missed,b46,10.1155/2016/9380609,VET_105

Earned Matches:
earned,b11,10.7256/2409-7802.2016.2.13541,AGR-BIO-SCI_2,F
earned,b27,10.5061/dryad.ns143,AGR-BIO-SCI_3,F(dataset)
earned,b39,10.2307/2403351,AGR-BIO-SCI_3,T
earned,b11,10.5061/dryad.5q33h,AGR-BIO-SCI_3,F(dataset)
earned,b29,10.1007/978-1-4419-7976-6,AGR-BIO-SCI_3,F
earned,b48,10.24072/pcjournal.74,AGR-BIO-SCI_3,F
earned,b31,10.1016/j.tree.2006.02.002,AGR-BIO-SCI_3,T
earned,b40,10.3389/fpls.2015.01224,AGR-BIO-SCI_4,F
earned,b66,10.1104/pp.109.141051,AGR-BIO-SCI_4,T
earned,b7,10.1104/pp.110.161109,AGR-BIO-SCI_4,T
earned,b43,10.1093/jxb/ers309,AGR-BIO-SCI_4,T
earned,b35,10.1073/pnas.0505266102,AGR-BIO-SCI_4,T
earned,b16,10.1111/ppl.12076,AGR-BIO-SCI_4,T
earned,b44,10.1080/01904169209364418,AGR-BIO-SCI_4
earned,b20,10.1016/j.copbio.2017.07.005,AGR-BIO-SCI_4
earned,b29,10.1071/fp07136,AGR-BIO-SCI_4
earned,b36,10.1104/pp.110.165191,AGR-BIO-SCI_4
earned,b33,10.1093/aob/mcs024,AGR-BIO-SCI_4
earned,b8,10.1146/annurev-arplant-042110-103849,AGR-BIO-SCI_4
earned,b48,10.1007/s11104-013-1785-y,AGR-BIO-SCI_4
earned,b64,10.1105/tpc.114.123737,AGR-BIO-SCI_4
earned,b27,10.1016/j.bbrc.2017.04.014,AGR-BIO-SCI_4
earned,b60,10.1016/j.plantsci.2018.03.013,AGR-BIO-SCI_4
earned,b49,10.1104/pp.107.108183,AGR-BIO-SCI_4
earned,b54,10.1016/j.pbi.2008.06.013,AGR-BIO-SCI_4
earned,b53,10.1007/s00425-004-1305-7,AGR-BIO-SCI_4
earned,b11,10.1046/j.1365-313x.1999.00562.x,AGR-BIO-SCI_4
earned,b12,10.1093/jxb/erh009,AGR-BIO-SCI_4
earned,b28,10.1093/jxb/erl189,AGR-BIO-SCI_4
earned,b38,10.1104/pp.106.090167,AGR-BIO-SCI_4
earned,b37,10.1016/j.envexpbot.2011.10.001,AGR-BIO-SCI_4
earned,b65,10.1111/jipb.12163,AGR-BIO-SCI_4
earned,b39,10.1093/pcp/pcr186,AGR-BIO-SCI_4
earned,b46,10.1093/aobpla/plt013,AGR-BIO-SCI_4
earned,b61,10.1104/pp.108.118562,AGR-BIO-SCI_4
earned,b42,10.1104/pp.112.212407,AGR-BIO-SCI_4
earned,b62,10.1038/cr.2008.26,AGR-BIO-SCI_4
earned,b55,10.1104/pp.008854,AGR-BIO-SCI_4
earned,b57,10.1104/pp.109.138891,AGR-BIO-SCI_4
earned,b3,10.1038/s41467-018-03851-3,AGR-BIO-SCI_4
earned,b5,10.1186/1471-2229-10-64,AGR-BIO-SCI_4
earned,b17,10.1104/pp.15.00708,AGR-BIO-SCI_4
earned,b2,10.1046/j.1365-3040.1999.00405.x,AGR-BIO-SCI_4
earned,b26,10.1105/tpc.112.096636,AGR-BIO-SCI_4
earned,b19,10.1111/j.1365-313x.2007.03283.x,AGR-BIO-SCI_4
earned,b30,10.3389/fpls.2015.01056,AGR-BIO-SCI_4
earned,b59,10.1016/j.semcdb.2017.06.013,AGR-BIO-SCI_4
earned,b51,10.3389/fpls.2015.00796,AGR-BIO-SCI_4
earned,b14,10.1016/j.plaphy.2011.01.019,AGR-BIO-SCI_4
earned,b13,10.1093/jxb/erq203,AGR-BIO-SCI_4
earned,b50,10.7287/peerj.preprints.2267v1,AGR-BIO-SCI_4
earned,b23,10.1093/mp/ssr065,AGR-BIO-SCI_4
earned,b63,10.1007/s004250000450,AGR-BIO-SCI_4
earned,b22,10.1016/j.biochi.2006.05.007,AGR-BIO-SCI_4
earned,b45,10.1104/pp.105.4.1133,AGR-BIO-SCI_4
earned,b1,10.1104/pp.106.079707,AGR-BIO-SCI_4
earned,b52,10.1104/pp.010191,AGR-BIO-SCI_4
earned,b6,10.1104/pp.103.025122,AGR-BIO-SCI_4
earned,b41,10.1104/pp.109.139139,AGR-BIO-SCI_4
earned,b4,10.1016/j.tplants.2014.11.004,AGR-BIO-SCI_4
earned,b18,10.3389/fpls.2018.01325,AGR-BIO-SCI_4
earned,b0,10.1016/j.pbi.2011.04.007,AGR-BIO-SCI_4
earned,b58,10.1111/ppl.12187,AGR-BIO-SCI_4
earned,b15,10.1007/s00425-012-1757-0,AGR-BIO-SCI_4
earned,b31,10.3390/agronomy8080148,AGR-BIO-SCI_4
earned,b25,10.1111/j.1469-8137.2010.03555.x,AGR-BIO-SCI_4
earned,b21,10.21273/hortsci12256-17,AGR-BIO-SCI_4
earned,b9,10.1097/00010694-195503000-00001,AGR-BIO-SCI_4
earned,b34,10.1111/pbi.12699,AGR-BIO-SCI_4
earned,b10,10.1104/pp.107.1.207,AGR-BIO-SCI_4
earned,b47,10.1101/gad.204401,AGR-BIO-SCI_4
earned,b91,10.1177/102986491101500203,ART-HUM_5
earned,b72,10.24648/uheok.6.0_1,ART-HUM_5
earned,b98,10.1145/2168752.2168754,ART-HUM_5
earned,b4,10.11417/silk.8.s53,ART-HUM_5
earned,b74,10.1145/2508037.2508045,ART-HUM_5
earned,b34,10.20551/jscssymo.17.0_25,ART-HUM_5
earned,b14,10.1080/14639947.2017.1386417,ART-HUM_6
earned,b7,10.1007/978-3-319-43893-1_9,ART-HUM_6
earned,b3,10.1093/oso/9780190673383.001.0001,ART-HUM_6
earned,b11,10.1017/cbo9780511613463,ART-HUM_7
earned,b1,10.1353/lan.2012.0065,ART-HUM_7
earned,b20,10.17223/18137083/51/4,ART-HUM_7
earned,b22,10.4324/9780203927373,ART-HUM_7
earned,b0,10.1353/lan.2013.0054,ART-HUM_7
earned,b21,10.1017/s0022226702001421,ART-HUM_7
earned,b72,10.1002/rcm.6725,ART-HUM_8
earned,b9,10.1017/rdc.2017.108,ART-HUM_8
earned,b8,10.1002/oa.662,ART-HUM_8
earned,b23,10.1002/ajpa.20598,ART-HUM_8
earned,b46,10.1074/jbc.274.12.7769,BIO-GEN-MOL_10
earned,b65,10.2147/jbm.s25421,BIO-GEN-MOL_10
earned,b53,10.11477/mf.1410103561,BIO-GEN-MOL_12
earned,b2,10.1073/pnas.0804298105,BIO-GEN-MOL_12
earned,b42,10.17863/cam.45787,BIO-GEN-MOL_12
earned,b15,10.1186/s12943-015-0325-1,BIO-GEN-MOL_9
earned,b4,10.1186/bcr2354,BIO-GEN-MOL_9
earned,b22,10.1038/leu.2010.6,BIO-GEN-MOL_9
earned,b13,10.1182/blood-2009-03-213496,BIO-GEN-MOL_9
earned,b24,10.1177/1010428317699117,BIO-GEN-MOL_9
earned,b11,10.1038/nprot.2008.211,BIO-GEN-MOL_9
earned,b0,10.2106/jbjs.h.00416,BIO-GEN-MOL_9
earned,b16,10.18632/oncotarget.25062,BIO-GEN-MOL_9
earned,b27,10.1177/107327481402100111,BIO-GEN-MOL_9
earned,b6,10.1158/1078-0432.ccr-12-0036,BIO-GEN-MOL_9
earned,b17,10.1016/j.ejpb.2011.10.014,BIO-GEN-MOL_9
earned,b25,10.1016/j.bbrc.2015.10.115,BIO-GEN-MOL_9
earned,b10,10.1097/01.lab.0000073131.34648.ea,BIO-GEN-MOL_9
earned,b21,10.1093/jn/131.11.2811,BIO-GEN-MOL_9
earned,b14,10.1002/ijc.26264,BIO-GEN-MOL_9
earned,b8,10.1016/0304-3835(96)04273-5,BIO-GEN-MOL_9
earned,b28,10.18632/oncotarget.3498,BIO-GEN-MOL_9
earned,b1,10.1007/978-3-319-07323-1_6,BIO-GEN-MOL_9
earned,b18,10.1016/j.jchromb.2013.01.003,BIO-GEN-MOL_9
earned,b30,10.18632/oncotarget.26899,BIO-GEN-MOL_9
earned,b9,10.1097/00003086-200007000-00038,BIO-GEN-MOL_9
earned,b2,10.1371/journal.pone.0098176,BIO-GEN-MOL_9
earned,b5,10.1371/journal.pone.0021583,BIO-GEN-MOL_9
earned,b19,10.4155/fmc.14.123,BIO-GEN-MOL_9
earned,b20,10.1158/1535-7163.mct-09-0013,BIO-GEN-MOL_9
earned,b3,10.1186/s12885-017-3478-z,BIO-GEN-MOL_9
earned,b23,10.1038/cdd.2011.48,BIO-GEN-MOL_9
earned,b26,10.1517/14728222.2011.648617,BIO-GEN-MOL_9
earned,b7,10.3390/ijms161126000,BIO-GEN-MOL_9
earned,b18,10.1093/oxfordhb/9780198758273.013.29,BUS-MAN-ACC_13
earned,b44,10.1093/oxfordhb/9780199532162.003.0014,BUS-MAN-ACC_13
earned,b12,10.1093/oxfordhb/9780199532162.003.0001,BUS-MAN-ACC_13
earned,b47,10.2307/3172595,BUS-MAN-ACC_13
earned,b38,10.23912/978-1-910158-66-1-3312,BUS-MAN-ACC_13
earned,b14,10.1093/oxfordhb/9780198758273.013.21,BUS-MAN-ACC_13
earned,b29,10.1007/978-3-642-04898-2_395,BUS-MAN-ACC_14
earned,b19,10.5465/30040625,BUS-MAN-ACC_14
earned,b75,10.2307/1142510,BUS-MAN-ACC_14
earned,b3,10.2307/2091154,BUS-MAN-ACC_14
earned,b70,10.2139/ssrn.3263434,BUS-MAN-ACC_15
earned,b17,10.1177/1461444817694599,BUS-MAN-ACC_15
earned,b102,10.2139/ssrn.3621296,BUS-MAN-ACC_15
earned,b103,10.2139/ssrn.3106911,BUS-MAN-ACC_15
earned,b78,10.2139/ssrn.2376997,BUS-MAN-ACC_15
earned,b92,10.1057/9781137479761_11,BUS-MAN-ACC_15
earned,b79,10.5465/amr.1998.533225,BUS-MAN-ACC_16
earned,b96,10.1111/j.2044-8309.1995.tb01058.x,BUS-MAN-ACC_16
earned,b8,10.1037/0003-066x.37.2.122,BUS-MAN-ACC_16
earned,b11,10.1016/j.jbusvent.2013.07.003,BUS-MAN-ACC_16
earned,b43,10.1177/002224378101800313,BUS-MAN-ACC_16
earned,b63,10.1111/etap.12263,BUS-MAN-ACC_16
earned,b98,10.1287/mnsc.46.2.186.11926,BUS-MAN-ACC_16
earned,b52,10.1016/j.jbusres.2009.11.015,BUS-MAN-ACC_16
earned,b38,10.1525/cmr.2016.58.2.44,BUS-MAN-ACC_16
earned,b14,10.1016/j.socscimed.2017.02.008,BUS-MAN-ACC_16
earned,b72,10.1016/j.jbusres.2017.12.019,BUS-MAN-ACC_16
earned,b24,10.1016/j.jpubeco.2014.01.002,BUS-MAN-ACC_16
earned,b3,10.1509/jmkg.69.3.19.66363,BUS-MAN-ACC_16
earned,b95,10.1111/etap.12272,BUS-MAN-ACC_16
earned,b59,10.1016/j.im.2007.11.001,BUS-MAN-ACC_16
earned,b34,10.1016/j.chb.2018.01.014,BUS-MAN-ACC_16
earned,b67,10.1080/08985626.2014.922623,BUS-MAN-ACC_16
earned,b25,10.1037/a0013193,BUS-MAN-ACC_16
earned,b44,10.1257/0002828043052187,BUS-MAN-ACC_16
earned,b46,10.1016/j.elerap.2015.09.003,BUS-MAN-ACC_16
earned,b61,10.1016/j.ijhcs.2006.04.004,BUS-MAN-ACC_16
earned,b31,10.2307/2530031,BUS-MAN-ACC_16
earned,b0,10.1016/0749-5978(91)90020-t,BUS-MAN-ACC_16
earned,b101,10.1016/j.tele.2016.06.006,BUS-MAN-ACC_16
earned,b94,10.1111/etap.12270,BUS-MAN-ACC_16
earned,b49,10.1108/10662240410542634,BUS-MAN-ACC_16
earned,b19,10.1287/isre.1120.0468,BUS-MAN-ACC_16
earned,b58,10.1016/j.intell.2012.08.006,BUS-MAN-ACC_16
earned,b35,10.1080/13691066.2013.847635,BUS-MAN-ACC_16
earned,b76,10.1016/j.jpubeco.2010.11.026,BUS-MAN-ACC_16
earned,b56,10.1108/intr-08-2014-0202,BUS-MAN-ACC_16
earned,b29,10.1016/j.chb.2017.03.013,BUS-MAN-ACC_16
earned,b17,10.1177/1461444817694599,BUS-MAN-ACC_16
earned,b97,10.1177/109442810031002,BUS-MAN-ACC_16
earned,b41,10.1057/jit.2016.1,BUS-MAN-ACC_16
earned,b51,10.1108/17468800710824509,BUS-MAN-ACC_16
earned,b6,10.1111/j.2044-8309.1995.tb01076.x,BUS-MAN-ACC_16
earned,b50,10.1145/2530540,BUS-MAN-ACC_16
earned,b64,10.1108/imds-07-2015-0312,BUS-MAN-ACC_16
earned,b82,10.1108/09564231111155079,BUS-MAN-ACC_16
earned,b85,10.1016/j.socscimed.2017.08.035,BUS-MAN-ACC_16
earned,b69,10.1016/j.dss.2016.04.006,BUS-MAN-ACC_16
earned,b30,10.1111/etap.12139,BUS-MAN-ACC_16
earned,b57,10.1086/222355,BUS-MAN-ACC_16
earned,b28,10.1016/j.chb.2017.07.011,BUS-MAN-ACC_16
earned,b92,10.1057/9781137479761_11,BUS-MAN-ACC_16
earned,b62,10.1080/10705519909540118,BUS-MAN-ACC_16
earned,b45,10.1080/13691066.2014.916512,BUS-MAN-ACC_16
earned,b23,10.1016/j.tourman.2010.04.007,BUS-MAN-ACC_16
earned,b80,10.1108/ijebr-07-2017-0256,BUS-MAN-ACC_16
earned,b75,10.1111/etap.12269,BUS-MAN-ACC_16
earned,b88,10.1016/0022-1031(82)90083-x,BUS-MAN-ACC_16
earned,b22,10.1207/s15327752jpa8301_04,BUS-MAN-ACC_16
earned,b87,10.1016/j.elerap.2016.01.006,BUS-MAN-ACC_16
earned,b15,10.1016/j.jbusres.2016.10.001,BUS-MAN-ACC_16
earned,b77,10.1016/j.jbusvent.2013.06.005,BUS-MAN-ACC_16
earned,60,10.1016/j.dss.2003.08.001,BUS-MAN-ACC_16
earned,b13,10.1037/0033-2909.88.3.588,BUS-MAN-ACC_16
earned,b93,10.1108/bjm-01-2016-0013,BUS-MAN-ACC_16
earned,b53,10.1016/j.jbusres.2015.06.004,BUS-MAN-ACC_16
earned,b71,10.1002/jsc.2010,BUS-MAN-ACC_16
earned,b20,10.1111/etap.12271,BUS-MAN-ACC_16
earned,b91,10.1108/10662240410542643,BUS-MAN-ACC_16
earned,b32,10.1111/etap.12118,BUS-MAN-ACC_16
earned,b21,10.1037/0033-2909.105.3.456,BUS-MAN-ACC_16
earned,b74,10.1111/j.1559-1816.1998.tb01682.x,BUS-MAN-ACC_16
earned,b99,10.1016/j.jbusres.2015.06.040,BUS-MAN-ACC_16
earned,b70,10.2139/ssrn.3263434,BUS-MAN-ACC_16
earned,b18,10.1016/j.jsis.2017.02.002,BUS-MAN-ACC_16
earned,b4,10.1348/014466601164939,BUS-MAN-ACC_16
earned,b27,10.1016/j.chb.2016.08.031,BUS-MAN-ACC_16
earned,b54,10.1007/978-3-642-04898-2_395,BUS-MAN-ACC_16
earned,b12,10.1037/0033-2909.107.2.238,BUS-MAN-ACC_16
earned,b81,10.1016/j.jbusres.2016.12.030,BUS-MAN-ACC_16
earned,b73,10.1348/014466608x393136,BUS-MAN-ACC_16
earned,b10,10.1016/j.chb.2015.10.033,BUS-MAN-ACC_16
earned,b100,10.1016/j.dss.2013.02.001,BUS-MAN-ACC_16
earned,b68,10.1016/j.jbusres.2009.09.014,BUS-MAN-ACC_16
earned,b90,10.1080/14792772143000003,BUS-MAN-ACC_16
earned,b16,10.1177/0049124192021002001,BUS-MAN-ACC_16
earned,b84,10.1037/0021-9010.88.5.879,BUS-MAN-ACC_16
earned,b102,10.2139/ssrn.3621296,BUS-MAN-ACC_16
earned,b26,10.1016/j.dss.2012.01.015,BUS-MAN-ACC_16
earned,b33,10.1007/s10869-010-9181-6,BUS-MAN-ACC_16
earned,b5,10.1007/bf02723327,BUS-MAN-ACC_16
earned,b66,10.1108/14684520911001873,BUS-MAN-ACC_16
earned,b2,10.1016/0022-1031(86)90045-4,BUS-MAN-ACC_16
earned,b103,10.2139/ssrn.3106911,BUS-MAN-ACC_16
earned,b78,10.2139/ssrn.2376997,BUS-MAN-ACC_16
earned,b7,10.1016/j.chb.2010.06.006,BUS-MAN-ACC_16
earned,b17,10.1109/icdm.2007.13,DEC-SCI_30
earned,b35,10.1117/12.2179150,DEC-SCI_30
earned,b23,10.1007/3-540-49257-7_25,DEC-SCI_30
earned,b18,10.1109/icdm.2006.15,DEC-SCI_30
earned,b20,10.1109/icdmw.2015.18,DEC-SCI_30
earned,b38,10.1093/bib/bbp042,DEC-SCI_30
earned,b8,10.1109/hibit.2011.6450819,DEC-SCI_30
earned,b49,10.1109/smc.2016.7844714,DEC-SCI_30
earned,b13,10.1109/skg.2008.65,DEC-SCI_30
earned,b48,10.1007/978-3-642-36778-6_12,DEC-SCI_30
earned,b2,10.1145/335191.335372,DEC-SCI_30
earned,b21,10.1109/hpcs.2010.5547082,DEC-SCI_30
earned,b46,10.1109/icde.2007.367916,DEC-SCI_30
earned,b50,10.1007/978-3-319-67220-5_18,DEC-SCI_30
earned,b47,10.1007/978-3-642-29892-9_23,DEC-SCI_30
earned,b1,10.1145/276305.276313,DEC-SCI_30
earned,b29,10.1137/1.9781611972726.27,DEC-SCI_30
earned,b24,10.2307/2582928,DEC-SCI_31
earned,b29,10.1109/tsmc.1979.4310245,DEC-SCI_31
earned,b2,10.1016/j.ejor.2006.08.008,DEC-SCI_31
earned,b18,10.1109/wsc.2015.7408520,DEC-SCI_31
earned,b26,10.1109/wsc.2015.7408532,DEC-SCI_31
earned,b30,10.1016/s0927-0507(06)13017-0,DEC-SCI_31
earned,b41,10.1016/j.apm.2016.04.005,DEC-SCI_32
earned,b23,10.1016/j.sorms.2016.11.002,DEC-SCI_32
earned,b5,10.1177/0022034515593707,DEN_33
earned,b14,10.7892/boris.123794,DEN_33
earned,b35,10.11477/mf.1414102807,DEN_34
earned,b41,10.5772/intechopen.78049,DEN_35
earned,b29,10.1177/0333102410368444,DEN_36
earned,b40,10.7916/d82v2d6p,EAR-PLA-SCI_37
earned,b56,10.1515/9781575065144,EAR-PLA-SCI_37
earned,b35,10.1029/2011gl049444,EAR-PLA-SCI_37
earned,b83,10.1111/j.1945-5100.2008.tb01020.x,EAR-PLA-SCI_38
earned,b89,10.1007/978-3-540-68953-9_7,EAR-PLA-SCI_38
earned,b70,10.1021/es500186g,EAR-PLA-SCI_39
earned,b53,10.24503/jasmh.11.0_71,EAR-PLA-SCI_39
earned,b47,10.7256/2454-065x.2019.10.31177,EAR-PLA-SCI_39
earned,b12,10.1175/1520-0477(1999)080<0831:tgeba>2.0.co;2,EAR-PLA-SCI_40
earned,b17,10.1302/2048-0105.76.360656,EAR-PLA-SCI_40
earned,b11,10.2307/2531935,EAR-PLA-SCI_40
earned,b26,10.1007/s10203-022-00379-6,ECO-ECO-FIN_41
earned,b35,10.1257/aer.20190185,ECO-ECO-FIN_41
earned,b1,10.1093/qje/qjaa043,ECO-ECO-FIN_41
earned,b15,10.1002/0471200611,ECO-ECO-FIN_41
earned,b32,10.2139/ssrn.3148954,ECO-ECO-FIN_41
earned,b20,10.31222/osf.io/mbvz3,ECO-ECO-FIN_41
earned,b0,10.2307/2978877,ECO-ECO-FIN_41
earned,b33,10.2139/ssrn.2991567,ECO-ECO-FIN_41
earned,b24,10.18942/bunruichiri.kj00001077640,ECO-ECO-FIN_41
earned,b3,10.1137/1.9781611972740.22,ECO-ECO-FIN_41
earned,b13,10.3386/w23652,ECO-ECO-FIN_41
earned,b64,10.11477/mf.1551100770,ECO-ECO-FIN_42
earned,b2,10.1515/9781400829125-018,ECO-ECO-FIN_42
earned,b7,10.1111/j.1540-6261.2010.01560.x,ECO-ECO-FIN_44
earned,b31,10.2139/ssrn.2977741,ECO-ECO-FIN_44
earned,b6,10.1257/app.3.3.55,ECO-ECO-FIN_44
earned,b15,10.2139/ssrn.3064204,ECO-ECO-FIN_44
earned,b12,10.2139/ssrn.2843050,ECO-ECO-FIN_44
earned,b1,10.1016/j.jfineco.2019.05.008,ECO-ECO-FIN_44
earned,b38,10.2139/ssrn.3048660,ECO-ECO-FIN_44
earned,b32,10.2139/ssrn.2664307,ECO-ECO-FIN_44
earned,b30,10.1093/rfs/hhv130,ECO-ECO-FIN_44
earned,b37,10.3386/w17929,ECO-ECO-FIN_44
earned,b36,10.1177/0001839218763595,ECO-ECO-FIN_44
earned,b29,10.1093/rfs/hhw013,ECO-ECO-FIN_44
earned,b35,10.1093/rfs/hhw104,ECO-ECO-FIN_44
earned,b23,10.2139/ssrn.3240797,ECO-ECO-FIN_44
earned,b13,10.1017/s0022109015000265,ECO-ECO-FIN_44
earned,b39,10.1007/s00450-017-0345-8,ENE_45
earned,b22,10.1007/978-3-662-45854-9_19,ENE_45
earned,b8,10.1145/1753326.1753629,ENE_45
earned,b19,10.1109/pes.2009.5275171,ENE_45
earned,b18,10.24471/shigaku.124.1_94,ENE_45
earned,b32,10.3141/2190-01,ENE_45
earned,b9,10.2991/ict4s-16.2016.11,ENE_45
earned,b2,10.1098/rspl.1895.0041,ENE_46
earned,b8,10.13182/nse14-99,ENE_46
earned,b44,10.2172/35391,ENE_47
earned,b13,10.1038/s41560-018-0318-6,ENE_47
earned,b17,10.1109/icdret.2014.6861648,ENE_47
earned,b40,10.20837/3201406012,ENE_47
earned,b54,10.1109/mspec.2015.7024493,ENE_47
earned,b14,10.1016/b978-1-4831-9958-0.50012-2,ENE_48
earned,b23,10.13182/nse90-33,ENE_48
earned,b12,10.1016/j.apradiso.2011.11.037,ENE_48
earned,b59,10.1016/0306-4549(82)90038-x,ENE_48
earned,b78,10.13182/nt11-a12305,ENE_48
earned,b60,10.1006/jcph.1998.6039,ENE_48
earned,b9,10.13182/fst84-a23082,ENE_48
earned,b61,10.13182/nse85-a18186,ENE_48
earned,b51,10.1080/00411459308203818,ENE_48
earned,b32,10.1016/s0149-1970(02)00002-1,ENE_48
earned,b38,10.13182/nse07-a2653,ENE_48
earned,b77,10.13182/nt11-a12306,ENE_48
earned,b62,10.1016/0149-1970(90)90046-8,ENE_48
earned,b28,10.13182/nse77-a27033,ENE_48
earned,b33,10.15669/pnst.2.808,ENE_48
earned,b54,10.2172/1052244,ENE_48
earned,b64,10.13182/nse127-36,ENE_48
earned,b74,10.1093/rpd/nci257,ENE_48
earned,b49,10.1103/physrev.106.620,ENE_48
earned,b44,10.1016/j.anucene.2011.07.037,ENE_48
earned,b35,10.13182/nse00-34,ENE_48
earned,b45,10.1016/j.fusengdes.2011.01.059,ENE_48
earned,b27,10.13182/nse77-a26941,ENE_48
earned,b65,10.1016/j.nucengdes.2015.07.021,ENE_48
earned,b36,10.1080/00411459308203811,ENE_48
earned,b71,10.13182/nt171-171,ENE_48
earned,b56,10.1080/00295639.2018.1509569,ENE_48
earned,b22,10.2172/1326509,ENE_48
earned,b19,10.13182/nse67-a18262,ENE_48
earned,b53,10.1080/00411459608204836,ENE_48
earned,b34,10.13182/nse98-2,ENE_48
earned,b20,10.13182/nse88-a23562,ENE_48
earned,b16,10.1201/9781351074834,ENE_48
earned,b24,10.13182/nse92-a15483,ENE_48
earned,b63,10.13182/nse127-22,ENE_48
earned,b37,10.1016/0041-5553(64)90085-0,ENE_48
earned,b18,10.13182/nse63-a26504,ENE_48
earned,b5,10.13182/nt09-a9303,ENE_48
earned,b58,10.1016/0306-4549(85)90047-7,ENE_48
earned,b67,10.13182/nse12-81,ENE_48
earned,b50,10.1103/physrev.108.171,ENE_48
earned,b14,10.2134/agronj2008.0139s,ENG_50
earned,b17,10.1007/978-1-4612-0601-9,ENG_50
earned,b8,10.1016/s0076-5392(08)62091-3,ENG_50
earned,b30,10.14569/ijacsa.2018.090614,ENG_51
earned,b15,10.1016/b978-012088469-8.50147-9,ENG_51
earned,b29,10.1109/aina.2015.194,ENG_51
earned,b23,10.1109/rtss.2006.19,ENG_51
earned,b22,10.1145/1052199.1052202,ENG_51
earned,b16,10.1145/543613.543615,ENG_51
earned,b2,10.1109/icumt.2017.8255160,ENG_51
earned,b12,10.1309/ajcp9p2kjsxekcjb,ENG_52
earned,b6,10.2166/9781780402369,ENG_52
earned,b8,10.1128/aem.00490-11,ENG_52
earned,b5,10.2166/9781780401867,ENG_52
earned,b35,10.2307/2346729,ENV-SCI_53
earned,b23,10.1080/00401706.1977.10489592,ENV-SCI_53
earned,b11,10.1002/0471743135,ENV-SCI_53
earned,b68,10.1016/j.resconrec.2017.08.017,ENV-SCI_54
earned,b70,10.1016/j.resconrec.2017.08.027,ENV-SCI_54
earned,b80,10.15099/00018453,ENV-SCI_54
earned,b82,10.1016/s0269-7491(98)80096-1,ENV-SCI_54
earned,b41,10.15050/jaibs.11.2_1,ENV-SCI_55
earned,b13,10.2307/1529706,ENV-SCI_55
earned,b49,10.1111/cobi.12666,ENV-SCI_55
earned,b16,10.1002/9781444355833,ENV-SCI_55
earned,b57,10.5061/dryad.2h3qj2r,ENV-SCI_55
earned,b21,10.5061/dryad.pj59h,ENV-SCI_56
earned,b6,10.1111/conl.12450,ENV-SCI_56
earned,b26,10.34080/os.v23.22582,ENV-SCI_56
earned,b12,10.1016/j.pain.2010.09.030,HEA-PRO_57
earned,b2,10.1002/14651858.cd012004,HEA-PRO_57
earned,b0,10.14836/ssi.8.1_1,HEA-PRO_58
earned,b9,10.18926/amo/32087,HEA-PRO_60
earned,b18,10.2174/1381612811319140006,IMM-MIC_61
earned,b66,10.1128/am.29.5.621-625.1975,IMM-MIC_63
earned,b45,10.1079/9781845935320.0118,IMM-MIC_63
earned,b22,10.11247/jssd.50.0.15.0,IMM-MIC_63
earned,b58,10.3929/ethz-b-000073691,IMM-MIC_63
earned,b14,10.5772/62912,IMM-MIC_63
earned,b15,10.1155/2014/675432,IMM-MIC_63
earned,b25,10.1007/s00284-008-9238-1,IMM-MIC_64
earned,b10,10.1128/jb.178.17.5295-5301.1996,IMM-MIC_64
earned,b22,10.1016/s0076-6879(99)99017-1,MAT-SCI_66
earned,b47,10.2307/4110625,MAT-SCI_67
earned,b13,10.11477/mf.1689100649,MAT-SCI_67
earned,b14,10.15108/stih.00079,MAT-SCI_68
earned,b8,10.1533/9780857099402,MATH_70
earned,b12,10.1016/j.amc.2018.02.009,MATH_70
earned,b16,10.1016/j.amc.2019.03.034,MATH_70
earned,b17,10.1186/1471-2121-7-14,MATH_71
earned,b35,10.7256/2454-0684.2018.7.26724,MATH_72
earned,b9,10.1109/aspdac.2014.6742916,MATH_72
earned,b7,10.1016/j.ophtha.2008.01.013,MED_73
earned,b17,10.1159/000455153,MED_73
earned,b8,10.1097/icu.0b013e32833651d8,MED_73
earned,b14,10.1161/01.hyp.29.1.30,MED_73
earned,b4,10.1371/journal.pone.0183142,MED_73
earned,b16,10.1016/j.ophtha.2015.11.020,MED_73
earned,b15,10.1016/j.ajo.2012.04.015,MED_73
earned,b5,10.1136/bjophthalmol-2014-305908,MED_73
earned,b6,10.1016/j.ajo.2009.06.002,MED_73
earned,b18,10.1002/ana.24713,MED_73
earned,b13,10.1016/j.ophtha.2011.06.021,MED_73
earned,b1,10.1016/j.ophtha.2014.05.013,MED_73
earned,b2,10.1001/archopht.121.1.48,MED_73
earned,b10,10.1371/journal.pone.0129529,MED_73
earned,b19,10.1016/j.preteyeres.2015.01.002,MED_73
earned,b9,10.1016/j.ophtha.2009.06.058,MED_73
earned,b23,10.1111/j.1365-2796.1991.tb00359.x,MED_74
earned,b31,10.1002/14651858.cd004473.pub2,MED_74
earned,b13,10.1111/j.1365-2796.1990.tb00114.x,MED_74
earned,b24,10.1016/j.smrv.2014.06.003,MED_75
earned,b9,10.1136/bmj.c5991,MED_75
earned,b6,10.1093/aje/kws342,MED_75
earned,b19,10.1186/1477-7525-1-29,MED_75
earned,b32,10.1164/rccm.200312-1782oc,MED_75
earned,b28,10.1097/00004872-200112000-00022,MED_75
earned,b22,10.1007/s11684-015-0387-x,MED_75
earned,b34,10.1097/hjh.0b013e328350e53b,MED_75
earned,b23,10.1097/00004872-199715120-00060,MED_75
earned,b5,10.1164/rccm.2109080,MED_75
earned,b18,10.7326/0003-4819-131-7-199910050-00002,MED_75
earned,b35,10.1056/nejm200009283431310,MED_75
earned,b36,10.1056/nejm200005113421901,MED_75
earned,b13,10.5665/sleep.1230,MED_75
earned,b37,10.1016/0140-6736(90)90878-9,MED_75
earned,b20,10.1093/sleep/34.5.601,MED_75
earned,b31,10.1001/jama.2011.1851,MED_75
earned,b10,10.1161/hypertensionaha.106.085175,MED_75
earned,b16,10.1097/00006842-200203000-00019,MED_75
earned,b1,10.1001/jama.283.14.1829,MED_75
earned,b3,10.1016/s1579-2129(06)60108-0,MED_75
earned,b8,10.1007/s11906-007-0095-2,MED_75
earned,b12,10.5664/jcsm.27662,MED_75
earned,b29,10.1007/s11325-010-0379-7,MED_75
earned,b17,10.1093/sleep/14.6.540,MED_75
earned,b2,10.1164/ajrccm.163.1.2001008,MED_75
earned,b33,10.1183/09031936.00226711,MED_75
earned,b38,10.1056/nejmoa1606599,MED_75
earned,b25,10.1111/jch.13259,MED_75
earned,b14,10.1002/ajim.20333,MED_75
earned,b7,10.1053/smrv.2002.0261,MED_75
earned,b30,10.5664/jcsm.4534,MED_75
earned,b26,10.1111/jch.13316,MED_75
earned,b27,10.1378/chest.125.1.112,MED_75
earned,b0,10.5664/jcsm.27348,MED_75
earned,b15,10.2307/1533221,MED_76
earned,b11,10.5167/uzh-68697,MED_76
earned,b15,10.1029/153gm08,MUL_78
earned,b52,10.3390/rs6021390,MUL_78
earned,b23,10.17169/refubium-2352,MUL_79
earned,b22,10.1016/j.neuron.2019.02.042,NEU_81
earned,b47,10.1016/0165-0270(80)90021-7,NEU_81
earned,b30,10.5334/tohm.406,NEU_81
earned,b31,10.7916/d8xs5t3h,NEU_81
earned,b59,10.1002/1531-8257(199907)14:4<557::aid-mds1004>3.0.co;2-g,NEU_81
earned,b12,10.1007/s11910-013-0378-8,NEU_81
earned,b54,10.7551/mitpress/2940.001.0001,NEU_81
earned,b15,10.32614/rj-2016-002,NEU_82
earned,b16,10.1101/275362,NEU_82
earned,b34,10.3929/ethz-b-000311202,NEU_83
earned,b2,10.34539/praj.7.1_27,NEU_83
earned,b7,10.12688/f1000research.11808.1,NEU_83
earned,b28,10.1007/s11064-010-0351-8,NEU_84
earned,b7,10.12987/9780300170023,NUR_85
earned,b18,10.1186/1472-684x-13-28,NUR_85
earned,b35,10.11423/jsph.23.22,NUR_85
earned,b19,10.23937/2474-3674/1510015,NUR_85
earned,b25,10.1146/annurev-orgpsych-032414-111449,NUR_86
earned,b16,10.2307/1318509,NUR_86
earned,b0,10.14288/1.0367010,NUR_87
earned,b21,10.1186/s40639-016-0019-6,NUR_87
earned,b14,10.20666/nihongonokenkyu.6.1_1,NUR_87
earned,b7,10.1515/9781503620766,NUR_87
earned,b1,10.34382/00001244,NUR_87
earned,b7,10.12987/9780300170023,NUR_88
earned,b18,10.1186/1472-684x-13-28,NUR_88
earned,b35,10.11423/jsph.23.22,NUR_88
earned,b19,10.23937/2474-3674/1510015,NUR_88
earned,b32,10.1038/srep25468,PHA-TOX-PHA_89
earned,b79,10.24757/joas.9.1_79,PHA-TOX-PHA_89
earned,b28,10.1073/pnas.0407809102,PHA-TOX-PHA_90
earned,b13,10.7256/2306-420x.2014.3.11044,PHA-TOX-PHA_90
earned,b52,10.11477/mf.1402219782,PHA-TOX-PHA_91
earned,b49,10.1111/j.1365-263x.2011.01182.x,PHA-TOX-PHA_91
earned,b26,10.1001/jama.256.20.2835,PHA-TOX-PHA_92
earned,b9,10.11375/kokusaiseiji1957.151_1,PHA-TOX-PHA_92
earned,b28,10.1117/1.oe.58.2.023105,PHY-AST_94
earned,b1,10.11395/jjsem.15.s87,PHY-AST_94
earned,b33,10.1117/12.527167,PHY-AST_94
earned,b30,10.20681/hwelfare.18.2_29,PHY-AST_95
earned,b20,10.3799/dqkx.2014.090,PHY-AST_95
earned,b5,10.1364/assl.2016.atu4a.5,PHY-AST_95
earned,b25,10.1117/12.938695,PHY-AST_96
earned,b15,10.1088/1742-6596/414/1/012015,PHY-AST_96
earned,b25,10.1007/978-0-387-79948-3_1520,PSY_100
earned,b26,10.17615/xtb6-kw40,PSY_100
earned,b2,10.2307/2583960,PSY_97
earned,b30,10.1016/j.infbeh.2006.01.004,PSY_97
earned,b42,10.1146/annurev.so.21.080195.002025,PSY_97
earned,b16,10.1177/0146167206287721,PSY_98
earned,b9,10.1002/j.2161-0045.2010.tb00181.x,PSY_98
earned,b22,10.1037/0021-9010.88.6.1019,PSY_98
earned,b5,10.1177/0146167209334783,PSY_98
earned,b38,10.1037/apl0000168,PSY_98
earned,b15,10.5465/amr.2005.15281431,PSY_98
earned,b25,10.1111/j.1467-9280.2009.02441.x,PSY_98
earned,b47,10.1037/0021-9010.92.4.1103,PSY_98
earned,b54,10.1037/0022-3514.75.6.1572,PSY_98
earned,b37,10.1037/0022-3514.64.6.1053,PSY_98
earned,b10,10.1037/0021-9010.86.1.17,PSY_98
earned,b17,10.1037/0033-2909.125.2.276,PSY_98
earned,b3,10.5465/amp.2007.24286163,PSY_98
earned,b44,10.1037/0033-2909.133.2.328,PSY_98
earned,b27,10.1037/sgd0000147,PSY_98
earned,b12,10.1037/a0018193,PSY_98
earned,b39,10.1037/met0000144,PSY_98
earned,b19,10.11477/mf.1688100389,PSY_98
earned,b14,10.5465/apbpp.1999.27607877,PSY_98
earned,b52,10.1037/a0026097,PSY_98
earned,b45,10.1037/a0020141,PSY_98
earned,b13,10.1111/j.1540-4560.2010.01663.x,PSY_98
earned,b4,10.1037/a0032559,PSY_98
earned,b40,10.1080/07481756.2000.12068999,PSY_98
earned,b1,10.1037/0022-0167.54.3.306,PSY_98
earned,b55,10.1177/0146167211416130,PSY_98
earned,b23,10.1037/a0032138,PSY_98
earned,b0,10.1177/106907270100900303,PSY_98
earned,b28,10.1037/ocp0000030,PSY_98
earned,b33,10.1037/0893-3200.19.2.314,PSY_98
earned,b30,10.1177/0149206314539350,PSY_98
earned,b48,10.1037/0022-3514.79.2.286,PSY_98
earned,b31,10.1037/apl0000052,PSY_98
earned,b35,10.1080/026999300402763,PSY_98
earned,b7,10.1037/a0024532,PSY_98
earned,b2,10.1002/ejsp.314,PSY_98
earned,b11,10.1037/a0013965,PSY_98
earned,b53,10.14914/spmj.15.5_1,PSY_98
earned,b20,10.1037/a0021129,PSY_98
earned,b8,10.1080/15298868.2010.513508,PSY_98
earned,b34,10.1002/per.2033,PSY_98
earned,b49,10.1037/apl0000140,PSY_98
earned,b24,10.2307/2575995,PSY_98
earned,b36,10.1007/978-0-387-89676-2_17,PSY_98
earned,b32,10.1037/apl0000118,PSY_98
earned,b42,10.1037/a0022858,PSY_98
earned,b46,10.5465/amr.2008.27752724,PSY_98
earned,b29,10.1177/0149206313515518,PSY_98
earned,b26,10.1016/j.tics.2013.12.009,PSY_98
earned,b11,10.11480/kyoyobukiyo.45.0_page31,PSY_99
earned,b20,10.1300/j111v24n03_03,SOC-SCI_103
earned,b1,10.5860/crl_37_02_137,SOC-SCI_103
earned,b10,10.20723/daigakutaiiku.11.2_9,SOC-SCI_103
earned,b11,10.5860/crl_37_02_158,SOC-SCI_103
earned,b31,10.5860/crl.62.2.116,SOC-SCI_103
earned,b17,10.5860/crl_39_05_358,SOC-SCI_103
earned,b13,10.5860/crl_42_03_224,SOC-SCI_103
earned,b25,10.5860/crl.59.2.139,SOC-SCI_103
earned,b34,10.1080/14649055.2008.10766213,SOC-SCI_104
earned,b12,10.18438/b8bt04,SOC-SCI_104
earned,b36,10.1080/14649055.2005.10766034,SOC-SCI_104
earned,b42,10.1080/14649055.2003.10765893,SOC-SCI_104
earned,b21,10.1080/01462679.2017.1365264,SOC-SCI_104
earned,b37,10.1080/01462670903386182,SOC-SCI_104
earned,b45,10.1108/cb-03-2013-006,SOC-SCI_104
earned,b49,10.5860/crl.79.1.68,SOC-SCI_104
earned,b46,10.1080/14649055.2009.10766230,SOC-SCI_104
earned,b3,10.5860/lrts.59n3.102,SOC-SCI_104
earned,b56,10.1080/1941126x.2016.1243436,SOC-SCI_104
earned,b0,10.5860/lrts.62n2.54,SOC-SCI_104
earned,b28,10.5860/crl.77.1.20,SOC-SCI_104
earned,b8,10.1080/07317131.2013.759496,SOC-SCI_104
earned,b2,10.5860/lrts.59n4.172,SOC-SCI_104
earned,b17,10.1629/23126,SOC-SCI_104
earned,b10,10.1108/ilds-09-2014-0046,SOC-SCI_104
earned,b39,10.1108/cb-05-2014-0024,SOC-SCI_104
earned,b50,10.1108/eb026772,SOC-SCI_104
earned,b4,10.1108/01604951211274043,SOC-SCI_104
earned,b1,10.1108/02641611211239588,SOC-SCI_104
earned,b15,10.1108/cb-05-2017-0023,SOC-SCI_104
earned,b9,10.1080/14649055.2014.924072,SOC-SCI_104
earned,b7,10.1080/08963568.2013.767121,SOC-SCI_104
earned,b5,10.1080/07317131.2014.875379,SOC-SCI_104
earned,b33,10.56093/ijans.v86i2.55797,VET_105
earned,b7,10.1073/pnas.73.7.2405,VET_105
earned,b35,10.11477/mf.2425901191,VET_105
earned,b13,10.1002/j.1939-4640.1987.tb00973.x,VET_105
earned,b61,10.2164/jandrol.107.003640,VET_105
earned,b8,10.1177/2055116917746786,VET_106
earned,b16,10.1016/b978-0-323-53314-0.00003-1,VET_108

Summary:
Total Missed,715
Total Earned,604
